{
  "group": "manual_counter_backward",
  "window": 5,
  "feature_cols": [
    "linear_speed",
    "gyro_x",
    "gyro_y",
    "gyro_z",
    "acc_x",
    "acc_y",
    "acc_z"
  ],
  "label_cols": [
    "steering",
    "throttle"
  ],
  "use_rot": false,
  "quat_order": null,
  "x_mu": [
    0.06455185264348984,
    -0.007537168450653553,
    -0.01086188293993473,
    0.32647275924682617,
    -0.10299764573574066,
    -0.19765986502170563,
    9.82276439666748,
    0.00388130359351635,
    -0.0077855889685451984,
    -0.011128158308565617,
    0.3264823853969574,
    -0.10278946906328201,
    -0.19854173064231873,
    9.814435958862305,
    0.182040274143219,
    -0.007590447086840868,
    -0.01093256939202547,
    0.3263886570930481,
    -0.10287385433912277,
    -0.19848282635211945,
    9.825024604797363,
    0.09741513431072235,
    -0.007478703279048204,
    -0.011070674285292625,
    0.32686346769332886,
    -0.10150274634361267,
    -0.19857224822044373,
    9.810260772705078,
    0.18173876404762268,
    -0.0073740617372095585,
    -0.01099381223320961,
    0.3265065848827362,
    -0.10273940116167068,
    -0.19935622811317444,
    9.808944702148438
  ],
  "x_sd": [
    41.987972259521484,
    0.08259835839271545,
    0.07779719680547714,
    0.3555089831352234,
    0.5138478875160217,
    0.7213994264602661,
    2.184805154800415,
    38.53589630126953,
    0.082736074924469,
    0.07794108241796494,
    0.3551269769668579,
    0.514990508556366,
    0.7200334072113037,
    2.1872811317443848,
    45.399566650390625,
    0.08262850344181061,
    0.07806525379419327,
    0.35519400238990784,
    0.5157520174980164,
    0.720003068447113,
    2.1824984550476074,
    42.46345901489258,
    0.08276072889566422,
    0.0780046358704567,
    0.35530737042427063,
    0.5174587965011597,
    0.719512939453125,
    2.1856534481048584,
    45.399436950683594,
    0.08278141915798187,
    0.07804091274738312,
    0.35535359382629395,
    0.5188742280006409,
    0.720317006111145,
    2.193868398666382
  ],
  "y_mu": [
    -0.18741194903850555,
    -0.07136433571577072
  ],
  "y_sd": [
    0.17916123569011688,
    0.013730861246585846
  ]
}