{
  "group": "linefollow_squareroot",
  "window": 5,
  "feature_cols": [
    "linear_speed",
    "gyro_x",
    "gyro_y",
    "gyro_z",
    "acc_x",
    "acc_y",
    "acc_z"
  ],
  "label_cols": [
    "steering",
    "throttle"
  ],
  "use_rot": false,
  "quat_order": null,
  "x_mu": [
    0.5848520994186401,
    -0.007050465326756239,
    0.006955788005143404,
    -0.001881963456980884,
    0.030767720192670822,
    0.019663505256175995,
    9.804098129272461,
    0.5910362601280212,
    -0.0073463767766952515,
    0.007744860835373402,
    -0.0011954662622883916,
    0.03159680590033531,
    0.02981889434158802,
    9.805875778198242,
    0.5942118763923645,
    -0.006498109549283981,
    0.007847437635064125,
    0.0013296105898916721,
    0.023791270330548286,
    0.026420406997203827,
    9.808991432189941,
    0.599839448928833,
    -0.0063836900517344475,
    0.007650170475244522,
    0.0002012195036513731,
    0.014194533228874207,
    0.026048017665743828,
    9.828082084655762,
    0.6014496684074402,
    -0.006813742220401764,
    0.008241979405283928,
    0.001061317976564169,
    0.005045553669333458,
    0.024019576609134674,
    9.814863204956055
  ],
  "x_sd": [
    0.23456299304962158,
    0.09766565263271332,
    0.08477242290973663,
    0.2650259733200073,
    0.5669934749603271,
    0.8960999250411987,
    1.779590368270874,
    0.22817176580429077,
    0.09868036955595016,
    0.08455923199653625,
    0.2666212320327759,
    0.5767420530319214,
    0.9037680625915527,
    1.8099700212478638,
    0.22113096714019775,
    0.09808595478534698,
    0.08468101918697357,
    0.26686081290245056,
    0.5651713609695435,
    0.8992860317230225,
    1.8221986293792725,
    0.2159656286239624,
    0.09943144768476486,
    0.08454263210296631,
    0.2671286165714264,
    0.5595442652702332,
    0.9120702743530273,
    1.818497896194458,
    0.2088528573513031,
    0.09898468852043152,
    0.08510711789131165,
    0.2686074376106262,
    0.5597015619277954,
    0.9090518355369568,
    1.8249150514602661
  ],
  "y_mu": [
    -0.033893246203660965,
    0.08405591547489166
  ],
  "y_sd": [
    0.4441949427127838,
    0.011237777769565582
  ]
}