{
  "feature_cols": [
    "linear_speed",
    "gyro_x",
    "gyro_y",
    "gyro_z",
    "acc_x",
    "acc_y",
    "acc_z",
    "pos_x",
    "pos_y",
    "pos_z",
    "rot_0",
    "rot_1",
    "rot_2",
    "rot_3"
  ],
  "label_cols": [
    "steering",
    "throttle"
  ],
  "window": 5,
  "x_mu": [
    0.14486421644687653,
    -0.005151886027306318,
    0.00209107156842947,
    -0.0008134051458910108,
    -0.06385856866836548,
    0.015968427062034607,
    9.819831848144531,
    0.36243659257888794,
    0.18419311940670013,
    0.7698693871498108,
    0.0017855644691735506,
    -0.010398734360933304,
    -0.00021798911620862782,
    0.01023359689861536,
    0.12818236649036407,
    -0.00517596211284399,
    0.002027487149462104,
    -0.0008162588346749544,
    -0.06369748711585999,
    0.016308873891830444,
    9.82022476196289,
    0.3620815575122833,
    0.18417344987392426,
    0.7698494791984558,
    0.0017877127975225449,
    -0.010357320308685303,
    -0.00021341971296351403,
    0.010232849046587944,
    0.12991386651992798,
    -0.005368298385292292,
    0.0020441128872334957,
    -0.0006904555484652519,
    -0.06639587879180908,
    0.014948592521250248,
    9.823036193847656,
    0.36171895265579224,
    0.18415558338165283,
    0.7698319554328918,
    0.001794137293472886,
    -0.010309683158993721,
    -0.00021051440853625536,
    0.010236097499728203,
    0.128730908036232,
    -0.00530075840651989,
    0.0020621067378669977,
    -0.0007019449840299785,
    -0.0684601441025734,
    0.01604519411921501,
    9.819744110107422,
    0.36137908697128296,
    0.1841401308774948,
    0.7698372602462769,
    0.00179935316555202,
    -0.010270358063280582,
    -0.0002081285638269037,
    0.010218178853392601,
    0.15780116617679596,
    -0.005240587517619133,
    0.0021431026980280876,
    -0.0007211205083876848,
    -0.07104742527008057,
    0.015587727539241314,
    9.82127571105957,
    0.361020028591156,
    0.18412160873413086,
    0.7698681950569153,
    0.0018053645035251975,
    -0.010231701657176018,
    -0.00020553843933157623,
    0.010196972638368607
  ],
  "x_sd": [
    34.80431365966797,
    0.08605558425188065,
    0.07975876331329346,
    0.4301292598247528,
    0.5535255074501038,
    0.7533742189407349,
    1.9010536670684814,
    0.8135210871696472,
    0.013483117334544659,
    1.3797708749771118,
    0.05758248642086983,
    0.7081226706504822,
    0.03751065582036972,
    0.7026276588439941,
    34.837371826171875,
    0.08613422513008118,
    0.07978596538305283,
    0.4303341507911682,
    0.5544351935386658,
    0.7533735632896423,
    1.9024351835250854,
    0.813520610332489,
    0.013137989677488804,
    1.379001259803772,
    0.05757247656583786,
    0.7080857157707214,
    0.03749774768948555,
    0.702672004699707,
    33.611576080322266,
    0.08609721809625626,
    0.0797990933060646,
    0.43041181564331055,
    0.54432612657547,
    0.7536512613296509,
    1.9037896394729614,
    0.8135067224502563,
    0.012874087318778038,
    1.3782715797424316,
    0.057566989213228226,
    0.7080698609352112,
    0.037496138364076614,
    0.7027032375335693,
    34.16556167602539,
    0.0862007588148117,
    0.07975524663925171,
    0.43050092458724976,
    0.5430359244346619,
    0.7543647885322571,
    1.9053316116333008,
    0.813480019569397,
    0.012644601054489613,
    1.3776367902755737,
    0.05757242068648338,
    0.7080260515213013,
    0.03753269836306572,
    0.7027431130409241,
    33.775386810302734,
    0.08618704229593277,
    0.07976673543453217,
    0.43052947521209717,
    0.5422130227088928,
    0.7528446316719055,
    1.90477454662323,
    0.8134200572967529,
    0.012291576713323593,
    1.377055287361145,
    0.05753542110323906,
    0.7079904079437256,
    0.037418052554130554,
    0.702776312828064
  ],
  "y_mu": [
    -0.016172945499420166,
    0.013739915564656258
  ],
  "y_sd": [
    0.4609258472919464,
    0.07383088022470474
  ]
}