{
  "group": "openloop_triangle",
  "window": 5,
  "feature_cols": [
    "linear_speed",
    "gyro_x",
    "gyro_y",
    "gyro_z",
    "acc_x",
    "acc_y",
    "acc_z"
  ],
  "label_cols": [
    "steering",
    "throttle"
  ],
  "use_rot": false,
  "quat_order": null,
  "x_mu": [
    0.5413050651550293,
    -0.008287022821605206,
    0.0006926850765012205,
    0.04373955354094505,
    0.05271485820412636,
    0.0725054144859314,
    9.775558471679688,
    0.5461189150810242,
    -0.007921787910163403,
    0.0012930117081850767,
    0.0447176955640316,
    0.05229969322681427,
    0.06775480508804321,
    9.788476943969727,
    0.5493490099906921,
    -0.007732872851192951,
    0.0012888124911114573,
    0.04504093900322914,
    0.029065342620015144,
    0.06627339124679565,
    9.770367622375488,
    0.5527206659317017,
    -0.008005752228200436,
    0.0003736292419489473,
    0.04503674432635307,
    0.032035090029239655,
    0.07237103581428528,
    9.782114028930664,
    0.5554463863372803,
    -0.0086060781031847,
    0.0007598542724736035,
    0.04519626498222351,
    0.023451343178749084,
    0.0714605450630188,
    9.767882347106934
  ],
  "x_sd": [
    0.24451321363449097,
    0.08860677480697632,
    0.08172827214002609,
    0.08397185802459717,
    0.5544290542602539,
    0.49429601430892944,
    1.8031234741210938,
    0.23829802870750427,
    0.08863531798124313,
    0.0826772004365921,
    0.08362002670764923,
    0.555167555809021,
    0.4975196421146393,
    1.796403169631958,
    0.2357553094625473,
    0.08794078230857849,
    0.08145817369222641,
    0.0836556926369667,
    0.5294393301010132,
    0.49559488892555237,
    1.7891484498977661,
    0.23062893748283386,
    0.08779773116111755,
    0.08190099149942398,
    0.08324047178030014,
    0.5267639756202698,
    0.49715983867645264,
    1.7935494184494019,
    0.22558753192424774,
    0.0887717679142952,
    0.08265390992164612,
    0.08310804516077042,
    0.5262469053268433,
    0.4972592294216156,
    1.7990760803222656
  ],
  "y_mu": [
    0.0,
    0.0758717954158783
  ],
  "y_sd": [
    9.999999974752427e-07,
    0.014080998487770557
  ]
}