{
  "feature_columns": [
    "dt",
    "throttle",
    "steering",
    "linear_speed",
    "gyro_x",
    "gyro_y",
    "gyro_z",
    "acc_x",
    "acc_y",
    "acc_z",
    "pos_x",
    "pos_y",
    "pos_z",
    "rot_0",
    "rot_1",
    "rot_2",
    "rot_3",
    "yaw_sin",
    "yaw_cos"
  ],
  "target_columns": [
    "future_throttle",
    "future_steering",
    "future_dx_local",
    "future_dy_local",
    "future_dz",
    "future_rot6d_0",
    "future_rot6d_1",
    "future_rot6d_2",
    "future_rot6d_3",
    "future_rot6d_4",
    "future_rot6d_5"
  ],
  "feature_mean": [
    0.051136668771505356,
    0.00956710148602724,
    -0.014301956631243229,
    0.09558006376028061,
    -0.005252191796898842,
    0.0018681949004530907,
    -0.0014233230613172054,
    -0.06556138396263123,
    0.015001696534454823,
    9.821191787719727,
    0.3864288032054901,
    0.18380437791347504,
    0.6858763098716736,
    0.0007493521552532911,
    0.06568437814712524,
    0.006953864824026823,
    0.6228734850883484,
    0.06111609935760498,
    -0.004906290676444769
  ],
  "feature_std": [
    0.03177618607878685,
    0.07482925057411194,
    0.3420463502407074,
    34.13819885253906,
    0.08582956343889236,
    0.07979968190193176,
    0.44363293051719666,
    0.5404995083808899,
    0.761089563369751,
    1.9151989221572876,
    0.8327670097351074,
    0.010820536874234676,
    1.3536467552185059,
    0.05348379537463188,
    0.7054864764213562,
    0.03541054576635361,
    0.32538238167762756,
    0.11148624867200851,
    0.9918835163116455
  ],
  "target_mean": [
    0.00959328655153513,
    -0.014913340099155903,
    0.00339453830383718,
    -0.00013450183905661106,
    -0.0008297358290292323,
    -0.006773332599550486,
    0.0012043301248922944,
    0.020694991573691368,
    0.991967499256134,
    0.0025450240354985,
    -0.004550235345959663
  ],
  "target_std": [
    0.07486965507268906,
    0.22597938776016235,
    0.14126577973365784,
    0.016210831701755524,
    0.23819424211978912,
    0.7184354066848755,
    0.019326161593198776,
    0.018012749031186104,
    0.12611079216003418,
    0.6947283148765564,
    0.024221068248152733
  ],
  "history_steps": 20,
  "prediction_steps": 15,
  "best_val_loss": 0.31866517947041395
}