{
  "group": "manual_clockwise_forward",
  "window": 5,
  "feature_cols": [
    "linear_speed",
    "gyro_x",
    "gyro_y",
    "gyro_z",
    "acc_x",
    "acc_y",
    "acc_z"
  ],
  "label_cols": [
    "steering",
    "throttle"
  ],
  "use_rot": false,
  "quat_order": null,
  "x_mu": [
    0.15462839603424072,
    -0.003037861315533519,
    0.012196973897516727,
    -0.40379798412323,
    -0.10500932484865189,
    -0.3221072256565094,
    9.82117748260498,
    0.07838907837867737,
    -0.0027568088844418526,
    0.01191867794841528,
    -0.40416398644447327,
    -0.10604728013277054,
    -0.32269081473350525,
    9.823185920715332,
    -0.05135919153690338,
    -0.0029572383500635624,
    0.01200263574719429,
    -0.4045197665691376,
    -0.10519140958786011,
    -0.3209882974624634,
    9.820503234863281,
    -0.05117421969771385,
    -0.0026118007954210043,
    0.011923744343221188,
    -0.40469256043434143,
    -0.10740601271390915,
    -0.3229881227016449,
    9.824628829956055,
    0.1343395859003067,
    -0.0031089638359844685,
    0.011829034425318241,
    -0.40489470958709717,
    -0.10595661401748657,
    -0.3213158845901489,
    9.814905166625977
  ],
  "x_sd": [
    35.31150817871094,
    0.0867147222161293,
    0.07779364287853241,
    0.32316431403160095,
    0.5642533898353577,
    0.7705547213554382,
    1.5218480825424194,
    39.74735641479492,
    0.0866086408495903,
    0.0779399648308754,
    0.3230776786804199,
    0.5638803243637085,
    0.7704983949661255,
    1.5237550735473633,
    43.55314254760742,
    0.08668811619281769,
    0.0776636078953743,
    0.32282933592796326,
    0.563992977142334,
    0.7683172225952148,
    1.5183695554733276,
    43.553157806396484,
    0.08674486726522446,
    0.07776966691017151,
    0.32219454646110535,
    0.5648512840270996,
    0.7687063217163086,
    1.5227757692337036,
    37.05866622924805,
    0.08679857850074768,
    0.07769478112459183,
    0.322544664144516,
    0.565294623374939,
    0.768648624420166,
    1.519341230392456
  ],
  "y_mu": [
    -0.21134726703166962,
    0.07458054274320602
  ],
  "y_sd": [
    0.14819128811359406,
    0.01086832769215107
  ]
}