{
  "group": "manual_clockwise_backward",
  "window": 5,
  "feature_cols": [
    "linear_speed",
    "gyro_x",
    "gyro_y",
    "gyro_z",
    "acc_x",
    "acc_y",
    "acc_z"
  ],
  "label_cols": [
    "steering",
    "throttle"
  ],
  "use_rot": false,
  "quat_order": null,
  "x_mu": [
    -0.0544111393392086,
    -0.004685640335083008,
    0.0034150490537285805,
    -0.30547863245010376,
    -0.048667751252651215,
    0.1631232351064682,
    9.817570686340332,
    -0.08116119354963303,
    -0.004572959151118994,
    0.0032412991859018803,
    -0.3054158687591553,
    -0.04803792014718056,
    0.16044138371944427,
    9.819899559020996,
    -0.05960498005151749,
    -0.004743554163724184,
    0.003310642670840025,
    -0.3051876425743103,
    -0.04892069846391678,
    0.16206249594688416,
    9.823668479919434,
    -0.05972959101200104,
    -0.004494951106607914,
    0.0032763660419732332,
    -0.30543869733810425,
    -0.047723427414894104,
    0.1607772707939148,
    9.822751998901367,
    -0.013001877814531326,
    -0.004719916731119156,
    0.0032944895792752504,
    -0.3056396543979645,
    -0.04836531728506088,
    0.16165368258953094,
    9.82094955444336
  ],
  "x_sd": [
    32.08784866333008,
    0.08090567588806152,
    0.07156890630722046,
    0.31335753202438354,
    0.5222382545471191,
    0.7135364413261414,
    2.104672431945801,
    30.17397689819336,
    0.08086783438920975,
    0.07152535021305084,
    0.31284722685813904,
    0.5233786106109619,
    0.7147712111473083,
    2.104628801345825,
    31.795772552490234,
    0.0811171606183052,
    0.07148707658052444,
    0.3132188320159912,
    0.5220298171043396,
    0.7151381969451904,
    2.101022243499756,
    31.79593849182129,
    0.0808858796954155,
    0.07136891782283783,
    0.31319162249565125,
    0.5215898752212524,
    0.7155426740646362,
    2.1032187938690186,
    33.255653381347656,
    0.0805097445845604,
    0.07120552659034729,
    0.3121986389160156,
    0.5224277377128601,
    0.7065733671188354,
    2.1014935970306396
  ],
  "y_mu": [
    0.1500547230243683,
    -0.06731881201267242
  ],
  "y_sd": [
    0.1682993471622467,
    0.015325034968554974
  ]
}