{
  "group": "linefollow_triangle",
  "window": 5,
  "feature_cols": [
    "linear_speed",
    "gyro_x",
    "gyro_y",
    "gyro_z",
    "acc_x",
    "acc_y",
    "acc_z"
  ],
  "label_cols": [
    "steering",
    "throttle"
  ],
  "use_rot": false,
  "quat_order": null,
  "x_mu": [
    0.4756736159324646,
    -0.0023386008106172085,
    0.008906399831175804,
    -0.0045169079676270485,
    0.027247853577136993,
    0.009225786663591862,
    9.843225479125977,
    0.4793814420700073,
    -0.002124876482412219,
    0.00827756803482771,
    -0.0063088806346058846,
    0.027173899114131927,
    0.006625485140830278,
    9.83127498626709,
    0.4822085201740265,
    -0.0032304718624800444,
    0.008737891912460327,
    -0.006432187277823687,
    0.014516494236886501,
    0.00322152441367507,
    9.83515739440918,
    0.4853280782699585,
    -0.0023303828202188015,
    0.008783090859651566,
    -0.007102114148437977,
    0.007620802149176598,
    0.005768714006990194,
    9.833761215209961,
    0.4879036843776703,
    -0.0019728082697838545,
    0.00833510234951973,
    -0.007993970066308975,
    0.006918775383383036,
    0.006886421702802181,
    9.829785346984863
  ],
  "x_sd": [
    0.2360685169696808,
    0.0902356430888176,
    0.07942172139883041,
    0.16750437021255493,
    0.5637254118919373,
    0.6597872376441956,
    1.5915603637695312,
    0.23138083517551422,
    0.09072195738554001,
    0.07968641817569733,
    0.16739632189273834,
    0.5679731965065002,
    0.6596121788024902,
    1.5964521169662476,
    0.22779881954193115,
    0.09012987464666367,
    0.07939788699150085,
    0.16764314472675323,
    0.5615597367286682,
    0.6646413803100586,
    1.6026502847671509,
    0.22442476451396942,
    0.09022252261638641,
    0.07967229932546616,
    0.16551128029823303,
    0.5580907464027405,
    0.6626256108283997,
    1.6083505153656006,
    0.2216094732284546,
    0.08988617360591888,
    0.07950084656476974,
    0.16534262895584106,
    0.5587964057922363,
    0.6666581630706787,
    1.6112128496170044
  ],
  "y_mu": [
    -0.041187725961208344,
    0.07569112628698349
  ],
  "y_sd": [
    0.12587599456310272,
    0.01406801026314497
  ]
}