{
  "group": "openloop_constant",
  "window": 5,
  "feature_cols": [
    "linear_speed",
    "gyro_x",
    "gyro_y",
    "gyro_z",
    "acc_x",
    "acc_y",
    "acc_z"
  ],
  "label_cols": [
    "steering",
    "throttle"
  ],
  "use_rot": false,
  "quat_order": null,
  "x_mu": [
    0.5385727882385254,
    -0.0063055120408535,
    0.0017233449034392834,
    0.027098258957266808,
    0.06659200042486191,
    0.0706891193985939,
    9.826284408569336,
    0.544505774974823,
    -0.005439809989184141,
    0.0032332935370504856,
    0.027190864086151123,
    0.06635438650846481,
    0.062388334423303604,
    9.81561279296875,
    0.5490095615386963,
    -0.0063860490918159485,
    0.003434612648561597,
    0.02735595591366291,
    0.041175927966833115,
    0.07113491743803024,
    9.841205596923828,
    0.554823100566864,
    -0.00552436662837863,
    0.0031890033278614283,
    0.027504937723279,
    0.03234800696372986,
    0.06935654580593109,
    9.834959983825684,
    0.5581742525100708,
    -0.005963273346424103,
    0.0036439967807382345,
    0.028374649584293365,
    0.019848164170980453,
    0.06795841455459595,
    9.800156593322754
  ],
  "x_sd": [
    0.15755775570869446,
    0.08893830329179764,
    0.07724939286708832,
    0.07658462971448898,
    0.5847925543785095,
    0.5240578651428223,
    2.7942941188812256,
    0.1457277089357376,
    0.08882303535938263,
    0.07779732346534729,
    0.07666107267141342,
    0.5931527018547058,
    0.5278126001358032,
    2.8022375106811523,
    0.13986030220985413,
    0.08933387696743011,
    0.07661911100149155,
    0.07690831273794174,
    0.45306846499443054,
    0.5237499475479126,
    2.7882063388824463,
    0.13306838274002075,
    0.08994242548942566,
    0.0772230476140976,
    0.07668545097112656,
    0.44039386510849,
    0.5247448682785034,
    2.813899040222168,
    0.1270950734615326,
    0.0894598513841629,
    0.07748077064752579,
    0.07614196836948395,
    0.4226875603199005,
    0.526329755783081,
    2.832584857940674
  ],
  "y_mu": [
    0.0,
    0.07500062882900238
  ],
  "y_sd": [
    9.999999974752427e-07,
    1.6258487676168443e-06
  ]
}