{
  "group": "linefollow_constant",
  "window": 5,
  "feature_cols": [
    "linear_speed",
    "gyro_x",
    "gyro_y",
    "gyro_z",
    "acc_x",
    "acc_y",
    "acc_z"
  ],
  "label_cols": [
    "steering",
    "throttle"
  ],
  "use_rot": false,
  "quat_order": null,
  "x_mu": [
    0.5190650224685669,
    -0.0047310637310147285,
    0.002150837564840913,
    -0.003400332760065794,
    0.03279498964548111,
    0.026130834594368935,
    9.881525993347168,
    0.5249180197715759,
    -0.004715602844953537,
    0.00115278793964535,
    -0.003980593290179968,
    0.03872671350836754,
    0.016419274732470512,
    9.920653343200684,
    0.529363214969635,
    -0.005527967121452093,
    0.002611178206279874,
    -0.003976732026785612,
    0.0019192688632756472,
    0.028745708987116814,
    9.893261909484863,
    0.5355672836303711,
    -0.004657572600990534,
    0.0022901026532053947,
    -0.003887760452926159,
    -0.011272215284407139,
    0.018688485026359558,
    9.890639305114746,
    0.5391502976417542,
    -0.0054351263679564,
    0.0019419434247538447,
    -0.00521462457254529,
    -0.022879114374518394,
    0.01631493680179119,
    9.899786949157715
  ],
  "x_sd": [
    0.13427458703517914,
    0.09198826551437378,
    0.08471866697072983,
    0.1987188309431076,
    0.6715137958526611,
    0.7306926250457764,
    2.587131977081299,
    0.12320705503225327,
    0.09256666898727417,
    0.08489855378866196,
    0.19800306856632233,
    0.6663905382156372,
    0.7325758934020996,
    2.6079788208007812,
    0.11363837122917175,
    0.09239144623279572,
    0.08418653905391693,
    0.19694270193576813,
    0.5409490466117859,
    0.7424100041389465,
    2.625814914703369,
    0.10598137229681015,
    0.09251123666763306,
    0.08454068005084991,
    0.19934256374835968,
    0.5124682188034058,
    0.7394313216209412,
    2.6322691440582275,
    0.09912662208080292,
    0.09247907251119614,
    0.08401515334844589,
    0.20033489167690277,
    0.49178341031074524,
    0.7388229370117188,
    2.642932176589966
  ],
  "y_mu": [
    -0.034415822476148605,
    0.07500108331441879
  ],
  "y_sd": [
    0.12561801075935364,
    2.0803131519642193e-06
  ]
}