{
  "group": "openloop_squareroot",
  "window": 5,
  "feature_cols": [
    "linear_speed",
    "gyro_x",
    "gyro_y",
    "gyro_z",
    "acc_x",
    "acc_y",
    "acc_z"
  ],
  "label_cols": [
    "steering",
    "throttle"
  ],
  "use_rot": false,
  "quat_order": null,
  "x_mu": [
    0.5553681254386902,
    -0.004048002418130636,
    0.006320565473288298,
    0.05075354501605034,
    0.05685330554842949,
    0.08222968131303787,
    9.779808044433594,
    0.560661792755127,
    -0.0036968651693314314,
    0.00715304771438241,
    0.05171622708439827,
    0.05385403707623482,
    0.07346421480178833,
    9.789802551269531,
    0.564551591873169,
    -0.0030024696607142687,
    0.006730888970196247,
    0.05155446007847786,
    0.03798351064324379,
    0.07818402349948883,
    9.774046897888184,
    0.5699821710586548,
    -0.0052474066615104675,
    0.007811936549842358,
    0.053093161433935165,
    0.031293097883462906,
    0.07654578238725662,
    9.795289993286133,
    0.5735370516777039,
    -0.004119023215025663,
    0.007480517961084843,
    0.05292350426316261,
    0.022135280072689056,
    0.07799991965293884,
    9.802916526794434
  ],
  "x_sd": [
    0.24577394127845764,
    0.09186407923698425,
    0.08319684118032455,
    0.08737264573574066,
    0.5669645071029663,
    0.48740535974502563,
    1.7804011106491089,
    0.23941457271575928,
    0.09191086143255234,
    0.08294330537319183,
    0.08747700601816177,
    0.5716134905815125,
    0.4904422163963318,
    1.7798231840133667,
    0.23342788219451904,
    0.0919913575053215,
    0.08422990888357162,
    0.0871012881398201,
    0.5514490008354187,
    0.4899648129940033,
    1.804091215133667,
    0.23015983402729034,
    0.09223335236310959,
    0.08344666659832001,
    0.08730879426002502,
    0.5456222295761108,
    0.49158740043640137,
    1.790418267250061,
    0.22410857677459717,
    0.09186012297868729,
    0.08336241543292999,
    0.08745989948511124,
    0.5370955467224121,
    0.4945375621318817,
    1.8044624328613281
  ],
  "y_mu": [
    0.0,
    0.08401893079280853
  ],
  "y_sd": [
    9.999999974752427e-07,
    0.011261187493801117
  ]
}