{
  "group": "linefollow_quadratic",
  "window": 5,
  "feature_cols": [
    "linear_speed",
    "gyro_x",
    "gyro_y",
    "gyro_z",
    "acc_x",
    "acc_y",
    "acc_z"
  ],
  "label_cols": [
    "steering",
    "throttle"
  ],
  "use_rot": false,
  "quat_order": null,
  "x_mu": [
    0.43085500597953796,
    -0.0013287520268931985,
    0.0031487324740737677,
    -0.00304001965560019,
    0.04741339385509491,
    0.02318076603114605,
    9.777410507202148,
    0.4344874918460846,
    -0.001872329507023096,
    0.0031970483250916004,
    -0.0032574469223618507,
    0.03859906271100044,
    0.023565366864204407,
    9.793113708496094,
    0.4369230568408966,
    -0.0016226847656071186,
    0.00351917278021574,
    -0.0031608145218342543,
    0.03134574368596077,
    0.024248575791716576,
    9.794525146484375,
    0.4393898546695709,
    -0.0017515356885269284,
    0.0035634625237435102,
    -0.0032252324745059013,
    0.024653533473610878,
    0.022280290722846985,
    9.782636642456055,
    0.441846638917923,
    -0.0009744152193889022,
    0.0031648376025259495,
    -0.003982223104685545,
    0.025264371186494827,
    0.024212384596467018,
    9.785449981689453
  ],
  "x_sd": [
    0.23062153160572052,
    0.08245115727186203,
    0.07529720664024353,
    0.10365695506334305,
    0.5775623917579651,
    0.5143246650695801,
    1.4701439142227173,
    0.22798974812030792,
    0.08295784145593643,
    0.07551320642232895,
    0.10373856127262115,
    0.5796802043914795,
    0.5197539329528809,
    1.4674557447433472,
    0.22441774606704712,
    0.08276727795600891,
    0.07588498294353485,
    0.10379709303379059,
    0.565070629119873,
    0.5209223031997681,
    1.4598803520202637,
    0.2221415787935257,
    0.0834338590502739,
    0.07589156180620193,
    0.10481661558151245,
    0.558800220489502,
    0.5214138627052307,
    1.467999815940857,
    0.21912547945976257,
    0.08339334279298782,
    0.07553482800722122,
    0.1040949746966362,
    0.5576817393302917,
    0.5152935981750488,
    1.4731297492980957
  ],
  "y_mu": [
    -0.0054335566237568855,
    0.06726876646280289
  ],
  "y_sd": [
    1.48384428024292,
    0.014945385977625847
  ]
}