{
  "group": "openloop_quadratic",
  "window": 5,
  "feature_cols": [
    "linear_speed",
    "gyro_x",
    "gyro_y",
    "gyro_z",
    "acc_x",
    "acc_y",
    "acc_z"
  ],
  "label_cols": [
    "steering",
    "throttle"
  ],
  "use_rot": false,
  "quat_order": null,
  "x_mu": [
    0.3934668004512787,
    -0.007030389737337828,
    0.013362987898290157,
    0.029449479654431343,
    0.025107309222221375,
    0.05507871136069298,
    9.801952362060547,
    0.3970268964767456,
    -0.0071747493930161,
    0.013276373036205769,
    0.029107842594385147,
    0.026224013417959213,
    0.05428934842348099,
    9.803765296936035,
    0.3986864984035492,
    -0.006886024959385395,
    0.01349772047251463,
    0.029728582128882408,
    0.014002924785017967,
    0.050633884966373444,
    9.804610252380371,
    0.40162402391433716,
    -0.006640606559813023,
    0.01319938339293003,
    0.030734295025467873,
    0.007040668278932571,
    0.054832760244607925,
    9.799304962158203,
    0.4019045829772949,
    -0.006722418125718832,
    0.013117571361362934,
    0.029483165591955185,
    0.0019521419890224934,
    0.05486249923706055,
    9.809017181396484
  ],
  "x_sd": [
    0.25025859475135803,
    0.07892477512359619,
    0.0741138681769371,
    0.07961257547140121,
    0.5467648506164551,
    0.40055498480796814,
    1.402431607246399,
    0.24561454355716705,
    0.07939270883798599,
    0.07489164173603058,
    0.0793846845626831,
    0.5484728217124939,
    0.4040429890155792,
    1.3928017616271973,
    0.24485208094120026,
    0.0789390429854393,
    0.07470762729644775,
    0.079698845744133,
    0.5407082438468933,
    0.3992963135242462,
    1.4060583114624023,
    0.24283362925052643,
    0.07951537519693375,
    0.07462979853153229,
    0.07883373647928238,
    0.5382400751113892,
    0.40339404344558716,
    1.4190738201141357,
    0.23857322335243225,
    0.07923958450555801,
    0.07498931139707565,
    0.07946804910898209,
    0.5347023010253906,
    0.4028104543685913,
    1.4094370603561401
  ],
  "y_mu": [
    0.0,
    0.06726109981536865
  ],
  "y_sd": [
    9.999999974752427e-07,
    0.014829863794147968
  ]
}