{
  "group": "linefollow_sin",
  "window": 5,
  "feature_cols": [
    "linear_speed",
    "gyro_x",
    "gyro_y",
    "gyro_z",
    "acc_x",
    "acc_y",
    "acc_z"
  ],
  "label_cols": [
    "steering",
    "throttle"
  ],
  "use_rot": false,
  "quat_order": null,
  "x_mu": [
    0.549888551235199,
    -0.004332073964178562,
    -0.0025132382288575172,
    -0.0025960870552808046,
    0.06812166422605515,
    0.012797913514077663,
    9.822583198547363,
    0.5564867854118347,
    -0.00423738919198513,
    -0.002386976731941104,
    -0.0024382679257541895,
    0.05651862174272537,
    0.014252142049372196,
    9.811087608337402,
    0.560757040977478,
    -0.004430714063346386,
    -0.002371202688664198,
    -0.0022607329301536083,
    0.04861766844987869,
    0.014178994111716747,
    9.827919006347656,
    0.5644291043281555,
    -0.004549066536128521,
    -0.002185764256864786,
    -0.0019608750008046627,
    0.037342846393585205,
    0.019780993461608887,
    9.817522048950195,
    0.569408655166626,
    -0.00401249760761857,
    -0.001874072477221489,
    -0.0020161133725196123,
    0.026777373626828194,
    0.015056868083775043,
    9.818415641784668
  ],
  "x_sd": [
    0.2298915684223175,
    0.09486233443021774,
    0.08322852104902267,
    0.14365354180335999,
    0.6107752919197083,
    0.6901957392692566,
    1.556423544883728,
    0.224216490983963,
    0.09548773616552353,
    0.08365769684314728,
    0.14443941414356232,
    0.6135320067405701,
    0.690021812915802,
    1.5631800889968872,
    0.21728047728538513,
    0.09537986665964127,
    0.08323585987091064,
    0.14533206820487976,
    0.6137325763702393,
    0.6941834092140198,
    1.5668771266937256,
    0.21131932735443115,
    0.09586910903453827,
    0.08376650512218475,
    0.14615973830223083,
    0.6072629690170288,
    0.7067013382911682,
    1.5649000406265259,
    0.20574906468391418,
    0.09615467488765717,
    0.08357428014278412,
    0.1467987298965454,
    0.6049611568450928,
    0.701099157333374,
    1.5598523616790771
  ],
  "y_mu": [
    -0.042155057191848755,
    0.08253076672554016
  ],
  "y_sd": [
    0.10331588238477707,
    0.014922168105840683
  ]
}