{
  "group": "openloop_sin",
  "window": 5,
  "feature_cols": [
    "linear_speed",
    "gyro_x",
    "gyro_y",
    "gyro_z",
    "acc_x",
    "acc_y",
    "acc_z"
  ],
  "label_cols": [
    "steering",
    "throttle"
  ],
  "use_rot": false,
  "quat_order": null,
  "x_mu": [
    0.5648043751716614,
    -0.006067953538149595,
    0.00985688902437687,
    0.04959016293287277,
    0.07161661237478256,
    0.07030925154685974,
    9.81445598602295,
    0.570645272731781,
    -0.005359287839382887,
    0.00976024754345417,
    0.05045987665653229,
    0.06818685680627823,
    0.06683167070150375,
    9.833148956298828,
    0.5759897828102112,
    -0.005149913020431995,
    0.010714525356888771,
    0.05153897404670715,
    0.04969159513711929,
    0.07096968591213226,
    9.819647789001465,
    0.5806093215942383,
    -0.006510868668556213,
    0.010875595733523369,
    0.05252949520945549,
    0.03761940449476242,
    0.07215519994497299,
    9.817838668823242,
    0.5847187638282776,
    -0.005681408569216728,
    0.010686345398426056,
    0.05255766957998276,
    0.028997354209423065,
    0.07044485956430435,
    9.830734252929688
  ],
  "x_sd": [
    0.23497134447097778,
    0.088123619556427,
    0.0805303305387497,
    0.08411674946546555,
    0.5969517230987549,
    0.4937933385372162,
    1.6112394332885742,
    0.22872036695480347,
    0.08860563486814499,
    0.08057712763547897,
    0.08459870517253876,
    0.599486768245697,
    0.49808529019355774,
    1.6011847257614136,
    0.22268255054950714,
    0.08924776315689087,
    0.08094961941242218,
    0.08440082520246506,
    0.5868387818336487,
    0.499129056930542,
    1.6109490394592285,
    0.21617244184017181,
    0.08903244137763977,
    0.08046089857816696,
    0.08449631929397583,
    0.5844307541847229,
    0.5033665895462036,
    1.6024742126464844,
    0.2096598744392395,
    0.08946028351783752,
    0.08076312392950058,
    0.08419394493103027,
    0.5835891366004944,
    0.5022913217544556,
    1.6310986280441284
  ],
  "y_mu": [
    0.0,
    0.08264746516942978
  ],
  "y_sd": [
    9.999999974752427e-07,
    0.01492044236510992
  ]
}